{
  "configVersion": 1,
  "timestamp": 1667260597653,
  "index": "/index.html",
  "assetGroups": [
    {
      "name": "app",
      "installMode": "prefetch",
      "updateMode": "prefetch",
      "cacheQueryOptions": {
        "ignoreVary": true
      },
      "urls": [
        "/1033.f13ca48a9b2cc63a.js",
        "/109.ad611cdf36d88787.js",
        "/1118.1221324a654e9c88.js",
        "/1186.97567c4e21a148c8.js",
        "/1217.1b4aea4ba010a68a.js",
        "/1536.5fdc09ccbd666679.js",
        "/1650.b6519bb722c59ff6.js",
        "/1709.06cbef9febe6af75.js",
        "/1903.068875ed2a3054f4.js",
        "/2073.cf70e3b5cf4a0386.js",
        "/2175.ec93494890320f5d.js",
        "/2289.71b23c832b461927.js",
        "/2349.f4d09830bbcd28f5.js",
        "/2698.68c89d7500d4f034.js",
        "/2773.2bf9a493a004478d.js",
        "/3236.a4ea8028a1bbde7d.js",
        "/3262.25e10497ec7aabe2.js",
        "/3648.415599f74d433927.js",
        "/3804.12e6718a5ccd8fa4.js",
        "/388.3add51cd70bf9577.js",
        "/4174.408f8c3e1419cd76.js",
        "/4203.0fad288cad916c7d.js",
        "/4330.9e602b409bc28814.js",
        "/4376.b1a14e76370f050d.js",
        "/438.3fb919d4341312ea.js",
        "/4432.e2284a23a3b91f6f.js",
        "/4561.9167a170fbb1fd21.js",
        "/4651.014197769c7cf698.js",
        "/4711.b595a12863a67ff9.js",
        "/4753.08d5927e465ff7da.js",
        "/4908.71bc54867e27ce41.js",
        "/4948.2e3cd22a45301601.js",
        "/4959.eab3a13286f3a7a8.js",
        "/5168.a1111db6f4d60bf6.js",
        "/5349.f5ac01c77e06f6d4.js",
        "/5356.8cc91726af6f595b.js",
        "/5652.9d62c6a663ff466f.js",
        "/5817.6c4db9fb0e6087ba.js",
        "/5836.61b7c0c0b1093c2a.js",
        "/6120.5c65eafb52e08dcf.js",
        "/6560.825889516e246b72.js",
        "/657.393fdd011fe05d0a.js",
        "/6666.c56abd29910a3cab.js",
        "/7544.16f815707d1b81ad.js",
        "/7602.58639a0e0a56e4d3.js",
        "/8136.f702f2e89788e8e5.js",
        "/8359.164b65e8833f8a60.js",
        "/8628.c8c23c1efc0b01f3.js",
        "/870.eece12cba8850be6.js",
        "/8802.939cc80d411b649d.js",
        "/8939.67364b80b4907507.js",
        "/9016.291926baac7c1003.js",
        "/908.86564a3468700c9a.js",
        "/9230.156e119504608e59.js",
        "/9325.14644f3b9b44ded6.js",
        "/9434.4c8827bb54ec2bde.js",
        "/9536.523fa3a32858c989.js",
        "/9654.561a3569ff19c0dc.js",
        "/9824.c582ee190aea9312.js",
        "/9922.ac8636556410fd36.js",
        "/9958.3dba124b13739794.js",
        "/common.c730345985c8d185.js",
        "/index.html",
        "/main.4437a9e011e969b0.js",
        "/manifest.webmanifest",
        "/polyfills-core-js.c8961a92c3ed4c69.js",
        "/polyfills-dom.5c5f23fb57b03028.js",
        "/polyfills.3ebd5e0cff18d293.js",
        "/runtime.7db75cf567495b5f.js",
        "/styles.4b34995e7930f79f.css"
      ],
      "patterns": []
    },
    {
      "name": "assets",
      "installMode": "prefetch",
      "updateMode": "prefetch",
      "cacheQueryOptions": {
        "ignoreVary": true
      },
      "urls": [
        "/assets/icon/favicon.png",
        "/assets/icon/icon.svg",
        "/assets/icon/icon_p.svg",
        "/assets/icons/icon-128x128.png",
        "/assets/icons/icon-144x144.png",
        "/assets/icons/icon-152x152.png",
        "/assets/icons/icon-192x192.png",
        "/assets/icons/icon-384x384.png",
        "/assets/icons/icon-512x512.png",
        "/assets/icons/icon-72x72.png",
        "/assets/icons/icon-96x96.png",
        "/assets/imgs/campaign_icon.svg",
        "/assets/imgs/close_icon.svg",
        "/assets/imgs/document_icon.svg",
        "/assets/imgs/og_image.png",
        "/assets/imgs/success_icon.svg"
      ],
      "patterns": []
    }
  ],
  "dataGroups": [
    {
      "name": "api",
      "patterns": [
        "https:\\/\\/strausssrl\\.com\\.ar:3443\\/.*"
      ],
      "strategy": "freshness",
      "maxSize": 0,
      "maxAge": 0,
      "cacheQueryOptions": {
        "ignoreVary": true
      },
      "version": 1
    }
  ],
  "hashTable": {
    "/1033.f13ca48a9b2cc63a.js": "ee8962e223a89f780bed08e16630e9c64b086174",
    "/109.ad611cdf36d88787.js": "0f4b2a601563f375660e6087c9b369d0be5fc597",
    "/1118.1221324a654e9c88.js": "5ca8530b3fb016e27f9d82c14cab646097b74fcf",
    "/1186.97567c4e21a148c8.js": "dead6f0867e84bb9171a03bece2f20b7fd52dfd2",
    "/1217.1b4aea4ba010a68a.js": "ae00ef1bf1fbaaba1dc22fca922088e3634dff57",
    "/1536.5fdc09ccbd666679.js": "2e9fda605eacb6c66ec4ed358d8138eb81498da5",
    "/1650.b6519bb722c59ff6.js": "037b724585807a71157e52e70b0da85a88be7cf3",
    "/1709.06cbef9febe6af75.js": "53560057a52f48ea95ce0127aeda8dbe7883ac8c",
    "/1903.068875ed2a3054f4.js": "64ec04b298c3610c5eaf01767558e5c5a40a59ee",
    "/2073.cf70e3b5cf4a0386.js": "4ad17028ad5e5910869c817ba0160a44faae75f4",
    "/2175.ec93494890320f5d.js": "55c1e898fbcc54ce8bda6af95b8ce758c8fbf97d",
    "/2289.71b23c832b461927.js": "ea28b6175dcafd7d677f573451bc4b02e3e9b279",
    "/2349.f4d09830bbcd28f5.js": "acde425325f6e8c493e01bc19eaf1ff5b66da80c",
    "/2698.68c89d7500d4f034.js": "8813a9f5144ffb733157b1730c3f3bf66d00a9b5",
    "/2773.2bf9a493a004478d.js": "7d3d6e1174dc77ee88848a4a2ed85a2379fb2f24",
    "/3236.a4ea8028a1bbde7d.js": "6ceba76fc39a36f4fa3e1f6fbce804a789c7b7df",
    "/3262.25e10497ec7aabe2.js": "cb4d3c78d530913417ea3be448cc54f85adf6c13",
    "/3648.415599f74d433927.js": "0b0c0a04acc52b13114e37855a23843a60b2a0fe",
    "/3804.12e6718a5ccd8fa4.js": "a4e136b88bde3eb7b40118838d5cfac3343f75ef",
    "/388.3add51cd70bf9577.js": "89d3c241f74941500878ba69b1edaeaa2f4ce92f",
    "/4174.408f8c3e1419cd76.js": "5360345b1fed267720a63f07dcf7731525a51172",
    "/4203.0fad288cad916c7d.js": "d8527bc4a1369eaa579278632ffcaae9512f98ea",
    "/4330.9e602b409bc28814.js": "8bed017ae8bbfa7e7656f2127dec8690a3934201",
    "/4376.b1a14e76370f050d.js": "fe2f399da1cb0147074ed40219ecaaeafca6b0df",
    "/438.3fb919d4341312ea.js": "1e98e7c436dfe43013fc217d9000c1e81ebfc3a1",
    "/4432.e2284a23a3b91f6f.js": "2dccb5d4a0701e0dbbc652f31b266cfcadd29256",
    "/4561.9167a170fbb1fd21.js": "63df4551740b73d0b48f280f13218b7324536db5",
    "/4651.014197769c7cf698.js": "3872a11fe20a818b35104e0a20013715dfe5e503",
    "/4711.b595a12863a67ff9.js": "1f74da3440b5deb5ce52db0073f86e2e850ca309",
    "/4753.08d5927e465ff7da.js": "bb33d7272f87a3a0380a821b767fb0a6c3f2bd92",
    "/4908.71bc54867e27ce41.js": "f1ef87364be8a4df2bc1999664f783f8fa3cf31e",
    "/4948.2e3cd22a45301601.js": "16792cacc1db6f35a84bec50bddfb721022619db",
    "/4959.eab3a13286f3a7a8.js": "23f107c8cecb88c5f67957eacc50d06cccd29a2f",
    "/5168.a1111db6f4d60bf6.js": "497767098582a282ac1e73f068440942d66810d9",
    "/5349.f5ac01c77e06f6d4.js": "8155a67370c98b5207f071ddbe02f6b6b4850167",
    "/5356.8cc91726af6f595b.js": "dbf25a25ed1ad4fa45f2fc2349e9885bb84dbb8e",
    "/5652.9d62c6a663ff466f.js": "b2f82000e3d9c1c1d9d248fa522a309ae2da05ed",
    "/5817.6c4db9fb0e6087ba.js": "216c60905abe350489cf44967fec72cdaeafffa1",
    "/5836.61b7c0c0b1093c2a.js": "850f95eced6384045ce31be6b8087972ff0cb6fd",
    "/6120.5c65eafb52e08dcf.js": "040c1342041bba33b45764294c9f17f6561bad9a",
    "/6560.825889516e246b72.js": "fea3a6378259e067bc03d05f60516af5787d9048",
    "/657.393fdd011fe05d0a.js": "9bbe384a7350840564ec524e0735118ed3c2ce2d",
    "/6666.c56abd29910a3cab.js": "faf6e49e0ca68519cba13b3cbed2f0d4f65cd87e",
    "/7544.16f815707d1b81ad.js": "1ec0c50c3d761b82ca779ccf5e04649a2e364d2e",
    "/7602.58639a0e0a56e4d3.js": "9fde43c18977f915cf6af19840ce8d7aaa727443",
    "/8136.f702f2e89788e8e5.js": "113d2c36b3ab416a6ba24332ef772945a0ae0c17",
    "/8359.164b65e8833f8a60.js": "1ae7856bf659140af3b630994e9f9ca7a399a6fe",
    "/8628.c8c23c1efc0b01f3.js": "0c0f9466429677efb7cd55b4fc2ecbfd69817172",
    "/870.eece12cba8850be6.js": "040d2979dfa967bb2214db9ad30427f4b9a23569",
    "/8802.939cc80d411b649d.js": "237dd6b2ec3413a6c5d699cb04786c350954510e",
    "/8939.67364b80b4907507.js": "7cfea73bdf56d53a8af2e16f2cadc2059a449ddf",
    "/9016.291926baac7c1003.js": "8bc2a96de37f7b19a595f401ddfbf2c8ea2873f2",
    "/908.86564a3468700c9a.js": "4d4e9bc403a777c802beb374273cf5ca279aeeef",
    "/9230.156e119504608e59.js": "86e0829b4d3351aab87904c72e01ac05d97b69f9",
    "/9325.14644f3b9b44ded6.js": "46a1db4130e311faea27cb25ff613bc91d4fb8e2",
    "/9434.4c8827bb54ec2bde.js": "497709ab089f2b589ed16efab31f02fe2223735b",
    "/9536.523fa3a32858c989.js": "7c021548cf5e4aec9ab67a5b3b164b83fa75d94b",
    "/9654.561a3569ff19c0dc.js": "6dff4dce6d1618e56bd1afaebc3e66abe4b19bb4",
    "/9824.c582ee190aea9312.js": "0cee5cee4f2bdbbd61e3691407587cd145ba9aa4",
    "/9922.ac8636556410fd36.js": "c7b751fac10e86239478982abcb907d72f9870ff",
    "/9958.3dba124b13739794.js": "eccb3ade5e84d95d27df485e5d36a2beb963a567",
    "/assets/icon/favicon.png": "b8a361ca802a1ef287dbaf7b8da2544ff9f59d52",
    "/assets/icon/icon.svg": "faa0eee614a6cd8148ce66040730a76604437442",
    "/assets/icon/icon_p.svg": "7f88ed5e47261bd05fd73219329dff6a0f55eb23",
    "/assets/icons/icon-128x128.png": "4dd21c49ab42289541dfa401f7e3874a741d7b9c",
    "/assets/icons/icon-144x144.png": "7e7582806975058e47f213278807b0a7ad8bfe5f",
    "/assets/icons/icon-152x152.png": "a0397cc1f8429363b2bbfbdea269b5e95045fddc",
    "/assets/icons/icon-192x192.png": "c0a3a99cc6940ef11e5e34782c5c90df39b8dd3e",
    "/assets/icons/icon-384x384.png": "398b6dfd07d4cb1074644dcaa5b2238d9c90b89d",
    "/assets/icons/icon-512x512.png": "92257a0299775cd2c80b3541baee67aabfcb8c5e",
    "/assets/icons/icon-72x72.png": "b98630763737ac06b92be8e226a642416d8780ed",
    "/assets/icons/icon-96x96.png": "24ad703ff352accf309559cbfb593390ffac6747",
    "/assets/imgs/campaign_icon.svg": "d5db7169f87340f261093452a1597fe64ae335ca",
    "/assets/imgs/close_icon.svg": "102342be6c62bdff5cd3e689b1a0ac1ad68c3e81",
    "/assets/imgs/document_icon.svg": "dbcd37d29c8032c870cfbb7aa729553265637038",
    "/assets/imgs/og_image.png": "5d531b726b3d3cea18bf8d649de7044d66a3e99c",
    "/assets/imgs/success_icon.svg": "a06951aae6ede397c077dfee2a2e38433186e562",
    "/common.c730345985c8d185.js": "78970148eb4cdd3b8264fe30d3fbed6415795705",
    "/index.html": "c1283080422770f8e4e9135cc66ae98664ed7c24",
    "/main.4437a9e011e969b0.js": "b5ce8f30e0fc6091e8f8b014756956cf8d02f4f1",
    "/manifest.webmanifest": "58833287fb2019e745cfd8ecdf75422a082c7d2c",
    "/polyfills-core-js.c8961a92c3ed4c69.js": "e44d42a08762418090a95d81b35288ab338d21e8",
    "/polyfills-dom.5c5f23fb57b03028.js": "06f5dc30f55bf9a3d9c6f9bca07c0041a6bbdaa0",
    "/polyfills.3ebd5e0cff18d293.js": "a4f03ad9599028ce006f4ac1ee55c63d4370a70b",
    "/runtime.7db75cf567495b5f.js": "5cc228a995f68b57b72644a3437bd811a3604265",
    "/styles.4b34995e7930f79f.css": "41cfbb391d85b6d2478539494e0668c6083d4627"
  },
  "navigationUrls": [
    {
      "positive": true,
      "regex": "^\\/.*$"
    },
    {
      "positive": false,
      "regex": "^\\/(?:.+\\/)?[^/]*\\.[^/]*$"
    },
    {
      "positive": false,
      "regex": "^\\/(?:.+\\/)?[^/]*__[^/]*$"
    },
    {
      "positive": false,
      "regex": "^\\/(?:.+\\/)?[^/]*__[^/]*\\/.*$"
    }
  ],
  "navigationRequestStrategy": "performance"
}