{
  "configVersion": 1,
  "timestamp": 1666234748389,
  "index": "/VisitAR/index.html",
  "assetGroups": [
    {
      "name": "app",
      "installMode": "prefetch",
      "updateMode": "prefetch",
      "cacheQueryOptions": {
        "ignoreVary": true
      },
      "urls": [
        "/VisitAR/1033.f13ca48a9b2cc63a.js",
        "/VisitAR/109.ad611cdf36d88787.js",
        "/VisitAR/1118.1221324a654e9c88.js",
        "/VisitAR/1186.97567c4e21a148c8.js",
        "/VisitAR/1217.1b4aea4ba010a68a.js",
        "/VisitAR/1536.5fdc09ccbd666679.js",
        "/VisitAR/1650.b6519bb722c59ff6.js",
        "/VisitAR/1709.06cbef9febe6af75.js",
        "/VisitAR/1903.01865b6fa3a050ff.js",
        "/VisitAR/2073.cf70e3b5cf4a0386.js",
        "/VisitAR/2175.ec93494890320f5d.js",
        "/VisitAR/2289.71b23c832b461927.js",
        "/VisitAR/2349.59ed3108a7b2f7f3.js",
        "/VisitAR/2698.68c89d7500d4f034.js",
        "/VisitAR/2773.2bf9a493a004478d.js",
        "/VisitAR/3236.a4ea8028a1bbde7d.js",
        "/VisitAR/3262.25e10497ec7aabe2.js",
        "/VisitAR/3648.415599f74d433927.js",
        "/VisitAR/3804.12e6718a5ccd8fa4.js",
        "/VisitAR/388.3add51cd70bf9577.js",
        "/VisitAR/4174.408f8c3e1419cd76.js",
        "/VisitAR/4203.0fad288cad916c7d.js",
        "/VisitAR/4330.9e602b409bc28814.js",
        "/VisitAR/4376.b1a14e76370f050d.js",
        "/VisitAR/438.3fb919d4341312ea.js",
        "/VisitAR/4432.e2284a23a3b91f6f.js",
        "/VisitAR/4561.9167a170fbb1fd21.js",
        "/VisitAR/4651.014197769c7cf698.js",
        "/VisitAR/4711.b595a12863a67ff9.js",
        "/VisitAR/4753.08d5927e465ff7da.js",
        "/VisitAR/4908.71bc54867e27ce41.js",
        "/VisitAR/4948.375287b7c864aada.js",
        "/VisitAR/4959.eab3a13286f3a7a8.js",
        "/VisitAR/5168.a1111db6f4d60bf6.js",
        "/VisitAR/5349.f5ac01c77e06f6d4.js",
        "/VisitAR/5356.8cc91726af6f595b.js",
        "/VisitAR/5652.9d62c6a663ff466f.js",
        "/VisitAR/5817.6c4db9fb0e6087ba.js",
        "/VisitAR/5836.61b7c0c0b1093c2a.js",
        "/VisitAR/6120.5c65eafb52e08dcf.js",
        "/VisitAR/6560.825889516e246b72.js",
        "/VisitAR/657.393fdd011fe05d0a.js",
        "/VisitAR/6666.c56abd29910a3cab.js",
        "/VisitAR/7544.16f815707d1b81ad.js",
        "/VisitAR/7602.58639a0e0a56e4d3.js",
        "/VisitAR/8136.f702f2e89788e8e5.js",
        "/VisitAR/8359.164b65e8833f8a60.js",
        "/VisitAR/8628.c8c23c1efc0b01f3.js",
        "/VisitAR/870.eece12cba8850be6.js",
        "/VisitAR/8802.939cc80d411b649d.js",
        "/VisitAR/8939.67364b80b4907507.js",
        "/VisitAR/9016.291926baac7c1003.js",
        "/VisitAR/908.6c903aa3e9a3894f.js",
        "/VisitAR/9230.156e119504608e59.js",
        "/VisitAR/9325.14644f3b9b44ded6.js",
        "/VisitAR/9434.4c8827bb54ec2bde.js",
        "/VisitAR/9536.523fa3a32858c989.js",
        "/VisitAR/9654.561a3569ff19c0dc.js",
        "/VisitAR/9824.c582ee190aea9312.js",
        "/VisitAR/9922.ac8636556410fd36.js",
        "/VisitAR/9958.3dba124b13739794.js",
        "/VisitAR/common.0251cd67e5643c5b.js",
        "/VisitAR/index.html",
        "/VisitAR/main.82637cdc57cc9a25.js",
        "/VisitAR/manifest.webmanifest",
        "/VisitAR/polyfills-core-js.c8961a92c3ed4c69.js",
        "/VisitAR/polyfills-dom.5c5f23fb57b03028.js",
        "/VisitAR/polyfills.3ebd5e0cff18d293.js",
        "/VisitAR/runtime.e191162c6963bb06.js",
        "/VisitAR/styles.e9404d6b51b17776.css"
      ],
      "patterns": []
    },
    {
      "name": "assets",
      "installMode": "prefetch",
      "updateMode": "prefetch",
      "cacheQueryOptions": {
        "ignoreVary": true
      },
      "urls": [
        "/VisitAR/assets/icon/favicon.png",
        "/VisitAR/assets/icon/icon.svg",
        "/VisitAR/assets/icon/icon_p.svg",
        "/VisitAR/assets/icons/icon-128x128.png",
        "/VisitAR/assets/icons/icon-144x144.png",
        "/VisitAR/assets/icons/icon-152x152.png",
        "/VisitAR/assets/icons/icon-192x192.png",
        "/VisitAR/assets/icons/icon-384x384.png",
        "/VisitAR/assets/icons/icon-512x512.png",
        "/VisitAR/assets/icons/icon-72x72.png",
        "/VisitAR/assets/icons/icon-96x96.png",
        "/VisitAR/assets/imgs/campaign_icon.svg",
        "/VisitAR/assets/imgs/close_icon.svg",
        "/VisitAR/assets/imgs/og_image.png",
        "/VisitAR/assets/imgs/success_icon.svg"
      ],
      "patterns": []
    }
  ],
  "dataGroups": [
    {
      "name": "api",
      "patterns": [
        "https:\\/\\/strausssrl\\.com\\.ar:3443\\/.*"
      ],
      "strategy": "freshness",
      "maxSize": 0,
      "maxAge": 0,
      "cacheQueryOptions": {
        "ignoreVary": true
      },
      "version": 1
    }
  ],
  "hashTable": {
    "/VisitAR/1033.f13ca48a9b2cc63a.js": "ee8962e223a89f780bed08e16630e9c64b086174",
    "/VisitAR/109.ad611cdf36d88787.js": "0f4b2a601563f375660e6087c9b369d0be5fc597",
    "/VisitAR/1118.1221324a654e9c88.js": "5ca8530b3fb016e27f9d82c14cab646097b74fcf",
    "/VisitAR/1186.97567c4e21a148c8.js": "dead6f0867e84bb9171a03bece2f20b7fd52dfd2",
    "/VisitAR/1217.1b4aea4ba010a68a.js": "ae00ef1bf1fbaaba1dc22fca922088e3634dff57",
    "/VisitAR/1536.5fdc09ccbd666679.js": "2e9fda605eacb6c66ec4ed358d8138eb81498da5",
    "/VisitAR/1650.b6519bb722c59ff6.js": "037b724585807a71157e52e70b0da85a88be7cf3",
    "/VisitAR/1709.06cbef9febe6af75.js": "53560057a52f48ea95ce0127aeda8dbe7883ac8c",
    "/VisitAR/1903.01865b6fa3a050ff.js": "8a02021380b16ea44b2fc64ab2885f29403d0a1e",
    "/VisitAR/2073.cf70e3b5cf4a0386.js": "4ad17028ad5e5910869c817ba0160a44faae75f4",
    "/VisitAR/2175.ec93494890320f5d.js": "55c1e898fbcc54ce8bda6af95b8ce758c8fbf97d",
    "/VisitAR/2289.71b23c832b461927.js": "ea28b6175dcafd7d677f573451bc4b02e3e9b279",
    "/VisitAR/2349.59ed3108a7b2f7f3.js": "3f23a2d3d4f7dedb1a229b35b4a7123ddad5e117",
    "/VisitAR/2698.68c89d7500d4f034.js": "8813a9f5144ffb733157b1730c3f3bf66d00a9b5",
    "/VisitAR/2773.2bf9a493a004478d.js": "7d3d6e1174dc77ee88848a4a2ed85a2379fb2f24",
    "/VisitAR/3236.a4ea8028a1bbde7d.js": "6ceba76fc39a36f4fa3e1f6fbce804a789c7b7df",
    "/VisitAR/3262.25e10497ec7aabe2.js": "cb4d3c78d530913417ea3be448cc54f85adf6c13",
    "/VisitAR/3648.415599f74d433927.js": "0b0c0a04acc52b13114e37855a23843a60b2a0fe",
    "/VisitAR/3804.12e6718a5ccd8fa4.js": "a4e136b88bde3eb7b40118838d5cfac3343f75ef",
    "/VisitAR/388.3add51cd70bf9577.js": "89d3c241f74941500878ba69b1edaeaa2f4ce92f",
    "/VisitAR/4174.408f8c3e1419cd76.js": "5360345b1fed267720a63f07dcf7731525a51172",
    "/VisitAR/4203.0fad288cad916c7d.js": "d8527bc4a1369eaa579278632ffcaae9512f98ea",
    "/VisitAR/4330.9e602b409bc28814.js": "8bed017ae8bbfa7e7656f2127dec8690a3934201",
    "/VisitAR/4376.b1a14e76370f050d.js": "fe2f399da1cb0147074ed40219ecaaeafca6b0df",
    "/VisitAR/438.3fb919d4341312ea.js": "1e98e7c436dfe43013fc217d9000c1e81ebfc3a1",
    "/VisitAR/4432.e2284a23a3b91f6f.js": "2dccb5d4a0701e0dbbc652f31b266cfcadd29256",
    "/VisitAR/4561.9167a170fbb1fd21.js": "63df4551740b73d0b48f280f13218b7324536db5",
    "/VisitAR/4651.014197769c7cf698.js": "3872a11fe20a818b35104e0a20013715dfe5e503",
    "/VisitAR/4711.b595a12863a67ff9.js": "1f74da3440b5deb5ce52db0073f86e2e850ca309",
    "/VisitAR/4753.08d5927e465ff7da.js": "bb33d7272f87a3a0380a821b767fb0a6c3f2bd92",
    "/VisitAR/4908.71bc54867e27ce41.js": "f1ef87364be8a4df2bc1999664f783f8fa3cf31e",
    "/VisitAR/4948.375287b7c864aada.js": "129af013c6f3154c4a34930fba248b0a0d16aa68",
    "/VisitAR/4959.eab3a13286f3a7a8.js": "23f107c8cecb88c5f67957eacc50d06cccd29a2f",
    "/VisitAR/5168.a1111db6f4d60bf6.js": "497767098582a282ac1e73f068440942d66810d9",
    "/VisitAR/5349.f5ac01c77e06f6d4.js": "8155a67370c98b5207f071ddbe02f6b6b4850167",
    "/VisitAR/5356.8cc91726af6f595b.js": "dbf25a25ed1ad4fa45f2fc2349e9885bb84dbb8e",
    "/VisitAR/5652.9d62c6a663ff466f.js": "b2f82000e3d9c1c1d9d248fa522a309ae2da05ed",
    "/VisitAR/5817.6c4db9fb0e6087ba.js": "216c60905abe350489cf44967fec72cdaeafffa1",
    "/VisitAR/5836.61b7c0c0b1093c2a.js": "850f95eced6384045ce31be6b8087972ff0cb6fd",
    "/VisitAR/6120.5c65eafb52e08dcf.js": "040c1342041bba33b45764294c9f17f6561bad9a",
    "/VisitAR/6560.825889516e246b72.js": "fea3a6378259e067bc03d05f60516af5787d9048",
    "/VisitAR/657.393fdd011fe05d0a.js": "9bbe384a7350840564ec524e0735118ed3c2ce2d",
    "/VisitAR/6666.c56abd29910a3cab.js": "faf6e49e0ca68519cba13b3cbed2f0d4f65cd87e",
    "/VisitAR/7544.16f815707d1b81ad.js": "1ec0c50c3d761b82ca779ccf5e04649a2e364d2e",
    "/VisitAR/7602.58639a0e0a56e4d3.js": "9fde43c18977f915cf6af19840ce8d7aaa727443",
    "/VisitAR/8136.f702f2e89788e8e5.js": "113d2c36b3ab416a6ba24332ef772945a0ae0c17",
    "/VisitAR/8359.164b65e8833f8a60.js": "1ae7856bf659140af3b630994e9f9ca7a399a6fe",
    "/VisitAR/8628.c8c23c1efc0b01f3.js": "0c0f9466429677efb7cd55b4fc2ecbfd69817172",
    "/VisitAR/870.eece12cba8850be6.js": "040d2979dfa967bb2214db9ad30427f4b9a23569",
    "/VisitAR/8802.939cc80d411b649d.js": "237dd6b2ec3413a6c5d699cb04786c350954510e",
    "/VisitAR/8939.67364b80b4907507.js": "7cfea73bdf56d53a8af2e16f2cadc2059a449ddf",
    "/VisitAR/9016.291926baac7c1003.js": "8bc2a96de37f7b19a595f401ddfbf2c8ea2873f2",
    "/VisitAR/908.6c903aa3e9a3894f.js": "7613528c52d802ffe02b12b3455cb1f0e8ef4a25",
    "/VisitAR/9230.156e119504608e59.js": "86e0829b4d3351aab87904c72e01ac05d97b69f9",
    "/VisitAR/9325.14644f3b9b44ded6.js": "46a1db4130e311faea27cb25ff613bc91d4fb8e2",
    "/VisitAR/9434.4c8827bb54ec2bde.js": "497709ab089f2b589ed16efab31f02fe2223735b",
    "/VisitAR/9536.523fa3a32858c989.js": "7c021548cf5e4aec9ab67a5b3b164b83fa75d94b",
    "/VisitAR/9654.561a3569ff19c0dc.js": "6dff4dce6d1618e56bd1afaebc3e66abe4b19bb4",
    "/VisitAR/9824.c582ee190aea9312.js": "0cee5cee4f2bdbbd61e3691407587cd145ba9aa4",
    "/VisitAR/9922.ac8636556410fd36.js": "c7b751fac10e86239478982abcb907d72f9870ff",
    "/VisitAR/9958.3dba124b13739794.js": "eccb3ade5e84d95d27df485e5d36a2beb963a567",
    "/VisitAR/assets/icon/favicon.png": "b8a361ca802a1ef287dbaf7b8da2544ff9f59d52",
    "/VisitAR/assets/icon/icon.svg": "faa0eee614a6cd8148ce66040730a76604437442",
    "/VisitAR/assets/icon/icon_p.svg": "7f88ed5e47261bd05fd73219329dff6a0f55eb23",
    "/VisitAR/assets/icons/icon-128x128.png": "4dd21c49ab42289541dfa401f7e3874a741d7b9c",
    "/VisitAR/assets/icons/icon-144x144.png": "7e7582806975058e47f213278807b0a7ad8bfe5f",
    "/VisitAR/assets/icons/icon-152x152.png": "a0397cc1f8429363b2bbfbdea269b5e95045fddc",
    "/VisitAR/assets/icons/icon-192x192.png": "c0a3a99cc6940ef11e5e34782c5c90df39b8dd3e",
    "/VisitAR/assets/icons/icon-384x384.png": "398b6dfd07d4cb1074644dcaa5b2238d9c90b89d",
    "/VisitAR/assets/icons/icon-512x512.png": "92257a0299775cd2c80b3541baee67aabfcb8c5e",
    "/VisitAR/assets/icons/icon-72x72.png": "b98630763737ac06b92be8e226a642416d8780ed",
    "/VisitAR/assets/icons/icon-96x96.png": "24ad703ff352accf309559cbfb593390ffac6747",
    "/VisitAR/assets/imgs/campaign_icon.svg": "d5db7169f87340f261093452a1597fe64ae335ca",
    "/VisitAR/assets/imgs/close_icon.svg": "102342be6c62bdff5cd3e689b1a0ac1ad68c3e81",
    "/VisitAR/assets/imgs/og_image.png": "5d531b726b3d3cea18bf8d649de7044d66a3e99c",
    "/VisitAR/assets/imgs/success_icon.svg": "a06951aae6ede397c077dfee2a2e38433186e562",
    "/VisitAR/common.0251cd67e5643c5b.js": "f29fc3c7f8e664d6288d543dc9160f5807877b68",
    "/VisitAR/index.html": "68d4e316ece3f4b8492c84ea900b92af13a0633e",
    "/VisitAR/main.82637cdc57cc9a25.js": "05745a024ce6f2f87978ab64ab56b78c24185e07",
    "/VisitAR/manifest.webmanifest": "58833287fb2019e745cfd8ecdf75422a082c7d2c",
    "/VisitAR/polyfills-core-js.c8961a92c3ed4c69.js": "e44d42a08762418090a95d81b35288ab338d21e8",
    "/VisitAR/polyfills-dom.5c5f23fb57b03028.js": "06f5dc30f55bf9a3d9c6f9bca07c0041a6bbdaa0",
    "/VisitAR/polyfills.3ebd5e0cff18d293.js": "a4f03ad9599028ce006f4ac1ee55c63d4370a70b",
    "/VisitAR/runtime.e191162c6963bb06.js": "6a04d829308d54f6ee3041bf32cc3066c5d30da5",
    "/VisitAR/styles.e9404d6b51b17776.css": "527a62a44d9cc65458abe8920c643bc18c63c433"
  },
  "navigationUrls": [
    {
      "positive": true,
      "regex": "^\\/.*$"
    },
    {
      "positive": false,
      "regex": "^\\/(?:.+\\/)?[^/]*\\.[^/]*$"
    },
    {
      "positive": false,
      "regex": "^\\/(?:.+\\/)?[^/]*__[^/]*$"
    },
    {
      "positive": false,
      "regex": "^\\/(?:.+\\/)?[^/]*__[^/]*\\/.*$"
    }
  ],
  "navigationRequestStrategy": "performance"
}